BEGIN TRANSACTION;
CREATE TABLE IF NOT EXISTS "Amount" (
	"NUTR"	text NOT NULL,
	"FOOD"	varchar NOT NULL,
	"amt"	float NOT NULL,
	PRIMARY KEY("NUTR","FOOD"),
	FOREIGN KEY("FOOD") REFERENCES "Food"("FOOD"),
	FOREIGN KEY("NUTR") REFERENCES "Nutr"("NUTR")
);
CREATE TABLE IF NOT EXISTS "Nutr" (
	"NUTR"	text NOT NULL,
	"n_min"	float,
	"n_max"	float,
	PRIMARY KEY("NUTR")
);
CREATE TABLE IF NOT EXISTS "Food" (
	"FOOD"	text NOT NULL,
	"cost"	float NOT NULL,
	"f_min"	float,
	"f_max"	float,
	PRIMARY KEY("FOOD")
);
INSERT INTO "Amount" ("NUTR","FOOD","amt") VALUES ('Cal','Quarter Pounder w Cheese',510.0),
 ('Carbo','Quarter Pounder w Cheese',34.0),
 ('Protein','Quarter Pounder w Cheese',28.0),
 ('VitA','Quarter Pounder w Cheese',15.0),
 ('VitC','Quarter Pounder w Cheese',6.0),
 ('Calc','Quarter Pounder w Cheese',30.0),
 ('Iron','Quarter Pounder w Cheese',20.0),
 ('Cal','McLean Deluxe w Cheese',370.0),
 ('Carbo','McLean Deluxe w Cheese',35.0),
 ('Protein','McLean Deluxe w Cheese',24.0),
 ('VitA','McLean Deluxe w Cheese',15.0),
 ('VitC','McLean Deluxe w Cheese',10.0),
 ('Calc','McLean Deluxe w Cheese',20.0),
 ('Iron','McLean Deluxe w Cheese',20.0),
 ('Cal','Big Mac',500.0),
 ('Carbo','Big Mac',42.0),
 ('Protein','Big Mac',25.0),
 ('VitA','Big Mac',6.0),
 ('VitC','Big Mac',2.0),
 ('Calc','Big Mac',25.0),
 ('Iron','Big Mac',20.0),
 ('Cal','Filet-O-Fish',370.0),
 ('Carbo','Filet-O-Fish',38.0),
 ('Protein','Filet-O-Fish',14.0),
 ('VitA','Filet-O-Fish',2.0),
 ('VitC','Filet-O-Fish',0.0),
 ('Calc','Filet-O-Fish',15.0),
 ('Iron','Filet-O-Fish',10.0),
 ('Cal','McGrilled Chicken',400.0),
 ('Carbo','McGrilled Chicken',42.0),
 ('Protein','McGrilled Chicken',31.0),
 ('VitA','McGrilled Chicken',8.0),
 ('VitC','McGrilled Chicken',15.0),
 ('Calc','McGrilled Chicken',15.0),
 ('Iron','McGrilled Chicken',8.0),
 ('Cal','Fries, small',220.0),
 ('Carbo','Fries, small',26.0),
 ('Protein','Fries, small',3.0),
 ('VitA','Fries, small',0.0),
 ('VitC','Fries, small',15.0),
 ('Calc','Fries, small',0.0),
 ('Iron','Fries, small',2.0),
 ('Cal','Sausage McMuffin',345.0),
 ('Carbo','Sausage McMuffin',27.0),
 ('Protein','Sausage McMuffin',15.0),
 ('VitA','Sausage McMuffin',4.0),
 ('VitC','Sausage McMuffin',0.0),
 ('Calc','Sausage McMuffin',20.0),
 ('Iron','Sausage McMuffin',15.0),
 ('Cal','1% Lowfat Milk',110.0),
 ('Carbo','1% Lowfat Milk',12.0),
 ('Protein','1% Lowfat Milk',9.0),
 ('VitA','1% Lowfat Milk',10.0),
 ('VitC','1% Lowfat Milk',4.0),
 ('Calc','1% Lowfat Milk',30.0),
 ('Iron','1% Lowfat Milk',0.0),
 ('Cal','Orange Juice',80.0),
 ('Carbo','Orange Juice',20.0),
 ('Protein','Orange Juice',1.0),
 ('VitA','Orange Juice',2.0),
 ('VitC','Orange Juice',120.0),
 ('Calc','Orange Juice',2.0),
 ('Iron','Orange Juice',2.0);
INSERT INTO "Nutr" ("NUTR","n_min","n_max") VALUES ('Cal',2000.0,NULL),
 ('Carbo',350.0,375.0),
 ('Protein',55.0,NULL),
 ('VitA',100.0,NULL),
 ('VitC',100.0,NULL),
 ('Calc',100.0,NULL),
 ('Iron',100.0,NULL);
INSERT INTO "Food" ("FOOD","cost","f_min","f_max") VALUES ('Quarter Pounder w Cheese',1.84,NULL,NULL),
 ('McLean Deluxe w Cheese',2.19,NULL,NULL),
 ('Big Mac',1.84,NULL,NULL),
 ('Filet-O-Fish',1.44,NULL,NULL),
 ('McGrilled Chicken',2.29,NULL,NULL),
 ('Fries, small',0.77,NULL,NULL),
 ('Sausage McMuffin',1.29,NULL,NULL),
 ('1% Lowfat Milk',0.6,NULL,NULL),
 ('Orange Juice',0.72,NULL,NULL);
COMMIT;
